StarID,ProperName,Y,Z
0,Sol,0,0,0
1,,0.00449,5.36884
2,,0.00285,-15.24144
3,,0.02422,223.27753
3759,96 G. Psc,1.55643,0.68697
70667,Proxima Centauri,-0.36132,-1.15037
71454,Rigel Kentaurus B,-0.42128,-1.1767
71457,Rigel Kentaurus A,-0.42139,-1.17665
87666,Barnard's Star,-1.81533,0.14824
118721,,0.64697,0.29354
